[
    {
        "nome" : "Computação e Sociedade",
        "url" : "https://caua539.github.io/integracao2017/disciplinas.html#!/Computacao_e_Sociedade",
        "palavrasChave" : ["Empreendedorismo",
            "1° Período",	
            "Obrigatória",	
            "Núcleo Comum",	
            "Computação",	
            "Código de ética",	
            "Inclusão digital",	
            "Mercado",	
            "Meio ambiente",	
            "Normas", 	
            "Mercado de trabalho",	
            "Leis"],
        "areaSwebok" : ["Prática profissional de ES",
            "Habilidades de comunicação",	
            "Profissionalismo",	
            "Dinâmica de grupo e psicologia",	
            "Prática profissional em Engenharia de Software", 	
            "Habilidade de Comunicação",	
            "Dinâmicas em grupo e psicologia",	
            "Profissionalismo"]
    },

    {
        "nome" : "Introdução a Programação",
        "url" : "https://caua539.github.io/integracao2017/disciplinas.html#!/Introducao_a_Programacao",
        "palavrasChave" : ["1º Período",	
            "Núcleo Comum",	
            "Obrigatória",	
            "Introdução",	
            "Algoritmos",	
            "Sem pré-requisito",	
            "Estruturas de Dados",	
            "Programação",	
            "Teórica",	
            "Ponteiros",	
            "Matrizes",	
            "Vetores"],
        "areaSwebok" : ["Sem áreas correlatas"]
    },

    {
        "nome" : "Cálculo 1A",
        "url" : "https://caua539.github.io/integracao2017/disciplinas.html#!/Calculo_1A",
        "palavrasChave" : ["Sem pré-requisito",	
            "Obrigatória",	
            "Núcleo Comum",	
            "1º Período",	
            "Números Reais",	
            "Cônicas",	
            "Limite",	
            "Continuidade",	
            "Derivadas",	
            "Aplicações",	
            "Taylor",	
            "Teórica",	
            "Integrais",	
            "Cálculo",	
            "Polinômio"],
        "areaSwebok" : ["Sem áreas correlatas"]
    },

    {
        "nome" : "Fundamentos Matemáticos para Computação",
        "url" : "https://caua539.github.io/integracao2017/disciplinas.html#!/Fundamentos_de_Matematica_para_Computacao",
        "palavrasChave" : ["Lógica",	
            "Demonstrações",	
            "Indução",	
            "Matemática",	
            "Recursividade",	
            "Recorrência",	
            "Relações",	
            "Conjuntos",	
            "Combinatória",	
            "Teoria",	
            "Sequências",	
            "Séries",	
            "Funções",
            "Representação",	
            "Mudança de base",	
            "Numérica",	
            "Matemática",	
            "Sem pré-requisito",	
            "Computação",	
            "Núcleo Comum",	
            "Obrigatória",	
            "1º Período",	
            "Teórica"],
        "areaSwebok" : ["sem áreas correlatas"]
    },

    {
        "nome" : "Arquitetura de Computadores",
        "url" : "https://caua539.github.io/integracao2017/disciplinas.html#!/Arquitetura_De_Computadores",
        "palavrasChave" : ["Obrigatória",	
            "2º Período",	
            "Com Pré-Requisito",	
            "Núcleo Comum",	
            "Arquitetura",	
            "Computadores",	
            "Memória",	
            "Entrada",	
            "Saída",	
            "Barramentos",	
            "Paralelas",	
            "Instrução",	
            "Processador",	
            "Teórica",	
            "Linguagem de Montagem",	
            "Fundamentos de Matemática para Computação",	
            "Programação"],
        "areaSwebok" : ["Sem áreas correlatas"]
    },

    {
        "nome" : "Algoritmos e Estruturas de Dados 1",
        "url" : "https://caua539.github.io/integracao2017/disciplinas.html#!/Algoritmos_e_Estrutura_de_Dados_1",
        "palavrasChave" : ["Obrigatória",	
            "2º Período",	
            "Com Pré-Requisito",	
            "Introdução à Programação",	
            "Núcleo Comum",	
            "Complexidade",	
            "Algoritmos",	
            "Sequencial",	
            "Binária",	
            "Pesquisa",	
            "Vetores",	
            "Circulares",	
            "Pilhas",	
            "Encadeadas",	
            "Filas",	
            "Estruturas de Dados",	
            "Listas",	
            "Alocação Dinâmica de Memória",	
            "Ordenação",	
            "Teórica",	
            "Dados"],
        "areaSwebok" : ["Sem áreas correlatas"]
    },

    {
        "nome" : "Probabilidade e Estatística A",
        "url" : "https://caua539.github.io/integracao2017/disciplinas.html#!/Probabilidade_e_Estatistica",
        "palavrasChave" : ["Probabilidade",	
            "Estatística",	
            "IME",	
            "2º Período",	
            "Teoria",	
            "Teórica",	
            "Com Pré-Requisito",	
            "Cálculo 1A",	
            "Amostragem",	
            "Descritiva",	
            "Conjuntos",	
            "Descrição",	
            "Espaço Amostral",	
            "Eventos",	
            "Frequência Relativa",	
            "Fundamentos",	
            "Condicional",	
            "Independentes",	
            "Teorema",	
            "Bayes",	
            "Variáveis",	
            "Aleatóriedade",	
            "Aleatórias",	
            "Conceitos",	
            "Esperança e variância",	
            "Distribuições",	
            "Uniforme",	
            "Binomial",	
            "Poisson",	
            "Contínuas",	
            "Discretas",	
            "Exponencial", "Normal", "t-Student",	
            "Estimação pontual e intervalar",	
            "Média",	
            "Proporção",	
            "Hipóteses",	
            "População",	
            "Correlação",	
            "Linear",	
            "Regreção",	
            "Obrigatória"],
        "areaSwebok" : ["Sem áreas correlatas"]
    },

    {
        "nome" : "Álgebra Linear",
        "url" : "https://caua539.github.io/integracao2017/disciplinas.html#!/Algebra_Linear",
        "palavrasChave" : ["Obrigatória",	
            "2º Período",	
            "Sem pré-requisito",	
            "Núcleo Comum",	
            "Álgebra",	
            "Linear",	
            "Matrizes",	
            "Vetoriais",	
            "Transformações",	
            "Autovalores",	
            "Autovetores",	
            "Produto Interno",	
            "Teórica",	
            "Sistemas",	
            "Espaços"	],
        "areaSwebok" : ["Sem áreas correlatas"]
    },

    {
        "nome" : "Lógica Matemática",
        "url" : "https://caua539.github.io/integracao2017/disciplinas.html#!/Logica_Matematica",
        "palavrasChave" : ["Obrigatória",	
            "2º Período",	
            "Núcleo Comum",	
            "Com pré-requisito",
            "Fundamentos de Matemática para Computação",	
            "Lógica",	
            "Matemática",	
            "Linguagem",	
            "Natural",	
            "Formal",	
            "Verdade",
            "Validade",	
            "Satisfatibilidade",	
            "Proposicional",	
            "Sintaxe",	
            "Semântica",	
            "Formas",	
            "Relações",	
            "Métodos",	
            "Normas",	
            "Propriedades",	
            "Validação",	
            "Prova",	
            "Indução",	
            "Linguagem",	
            "Experimentação",	
            "Estrutural",	
            "Contradição",	
            "Teórica",	
            "Consequência"],
        "areaSwebok" : ["Sem áreas correlatas"]
    },

    {
        "nome" : "Programação Orientada a Objetos",
        "url" : "https://caua539.github.io/integracao2017/disciplinas.html#!/Programacao_Orientada_Objetos",
        "palavrasChave" : ["Núcleo Comum",	
            "POO",	
            "Programação",	
            "Teórica",	
            "Prática",	
            "Com Pré-Requisito",	
            "Introdução à Programação",	
            "3º Período",	
            "Obrigatória",	
            "Abstração",	
            "Tipos abstratos",	
            "Dados",	
            "Classes",	
            "Métodos",	
            "Encapsulamento",	
            "Interface",	
            "UML",	
            "OO",	
            "Linguagem Orientada a Objetos",	
            "Padrões de projeto",	
            "Mensagens, Instâncias e Inicialização",	
            "Herança e Composição",	
            "Polimorfismo"]
    },

    {
        "nome" : "Linguagens e Paradigmas de Programação",
        "url" : "https://caua539.github.io/integracao2017/disciplinas.html#!/Linguagens_e_Paradigmas_da_Programacao",
        "palavrasChave" : ["Núcleo Comum",	
            "Teórica",	
            "Prática",	
            "3º Período",	
            "Obrigatória",	
            "Com Pré-Requisito",	
            "Introdução à programação",	
            "Conceitos",	
            "Programação",	
            "Paradigmas de Programação",	
            "Procedural",	
            "Funcional",	
            "Lógico",	
            "Orientado a Objetos",
            "OO",	
            "Script",	
            "Características",	
            "Linguagem de programação",	
            "Selecionando uma liguagem",	
            "Domínio de aplicação",	
            "Sintaxe",	
            "Semântica",	
            "Tipos",	
            "Dados",	
            "Estruturas de controle",	
            "Ambientes de Execução",	
            "Variáveis",	
            "Expressões",	
            "Subprogramas",	
            "Qual linguagem escolher"],
        "areaSwebok" : ["Sem áreas correlatas"]
    },

    {
        "nome" : "Algoritmos e Estruturas de Dados 2",
        "url" : "https://caua539.github.io/integracao2017/disciplinas.html#!/Algoritmos_e_Estrutura_de_Dados_2",
        "palavrasChave" : ["Obrigatória",	
            "3º Período",	
            "Núcleo Comum",	
            "Com Pré-Requisito",	
            "Algoritmos e Estruturas de Dados 1",	
            "Algoritmos",	
            "Estrutura de Dados",	
            "Árvores",	
            "Binárias",	
            "Recursão",	
            "Busca",
            "Balanceadas",	
            "AVL",	
            "rubro-negras",	
            "Heaps",	
            "Heapsort",	
            "Hashing",	
            "Teórica",
            "Grafos",	
            "Funções",	
            "Tratamento de Colisões"]
    },

    {
        "nome" : "Engenharia de Software",
        "url" : "https://caua539.github.io/integracao2017/disciplinas.html#!/Engenharia_de_Software",
        "palavrasChave" : ["Requisitos",	
            "Design",	
            "Construção",	
            "Teste",	
            "Implantação",	
            "Manutenção",	
            "Gerência de configuração",	
            "Gerência de projeto",	
            "Processo de engenharia de software",	
            "Ciclo de vida",
            "Brainstorming",	
            "UML",	
            "Modelo cascata",	
            "Iterativo",	
            "Incremental",	
            "Desenvolvimento Ágil",	
            "Equipe",	
            "SCRUM",	
            "Qualidade", 	
            "ISO 25000",	
            "Normas ISO/IEC",	
            "Négocios",	
            "Economia de software",	
            "Obrigatória",	
            "3° Período",	
            "Prática Profissional",	
            "Fundamentos de engenharia"	],
        "areaSwebok" : ["Software Requirements",	
            "Software Requirements Fundamentals",	
            "Requisitos de software",	
            "Fundamentos de requisitos de software",	
            "Software Design",	
            "Projeto de software",	
            "Software Design Fundamentals",	
            "Software Construction",	
            "Fundamentos de projeto de software",	
            "Cosntrução de software",	
            "Software Construction Fundamentals",	
            "Software Testing Fundamentals",	
            "Fundamentos de construção de software",	
            "Software Testing",	
            "Teste de software",	
            "Fundamentos de teste de software",	
            "Software Maintence",	
            "Software Maintence Fundamentals",	
            "Manutenção de software",	
            "Fundamentos de manutenção de software",	
            "Software Configuration Management",	
            "Gerência de configuração de software",	
            "Software Engineering Management",	
            "Gestão da engenharia de software",	
            "Software Engineering Process",	
            "Processo de engenharia de software",	
            "Prática profissional de engenharia de software"]
    },

    {
        "nome" : "Sistemas Operacionais",
        "url" : "https://caua539.github.io/integracao2017/disciplinas.html#!/Sistemas_Operacionais",
        "palavrasChave" : ["Optativa",	
            "3º Período",	
            "Com Pré-Requisito",	
            "Arquitetura de Computadores",
            "Núcleo Específico",	
            "Hardware",	
            "Software",	
            "Sistemas",	
            "Operacionais",	
            "Gerência",	
            "Processos",	
            "Processador",	
            "Memória",	
            "Dispositivos",	
            "Entrada",	
            "Teórica",	
            "Saída"],
        "areaSwebok" : ["Sem áreas correlatas"]
    },

    {
        "nome" : "Pesquisa Operacional",
        "url" : "https://caua539.github.io/integracao2017/disciplinas.html#!/Pesquisa_Operacional",
        "palavrasChave" : ["Núcleo Específico",
            "Teórica",	
            "3º Período",	
            "Optativa",	
            "Com pré-Requisito",	
            "Álgebra Linear",	
            "Modelagem",	
            "Programação Linear",	
            "Resolução gráfica",	
            "PL",	
            "Problema",	
            "Algoritmo",	
            "Simplex",	
            "Dualidade",	
            "Simplex-Dual",	
            "Pós-Otimização",	
            "Análise de Sensibilidade"],
        "areaSwebok" : ["Sem áreas correlatas"]
    },

    {
        "nome" : "Linguagens Formais e Autômatos",
        "url" : "https://caua539.github.io/integracao2017/disciplinas.html#!/Linguagens_Formais_e_Automatos",
        "palavrasChave" : ["Núcleo Específico",	
            "Teórica",	
            "3º Período",	
            "Optativa",	
            "Com pré-Requisito",	
            "Fundamentos de Matemática para Computação",
            "Linguagens",	
            "Formais",	
            "Autômatos",	
            "Hierarquia",	
            "Chomsky",
            "Mecanismos",	
            "Geradores",
            "Reconhecedores",	
            "Gramáticas",	
            "Determinísticos"],
        "areaSwebok" : ["Sem áreas correlatas"]
    },

    {
        "nome" : "Análise e Projeto de Algoritmos",
        "url" : "https://caua539.github.io/integracao2017/disciplinas.html#!/Analise_e_Projeto_de_Algoritmos",
        "palavrasChave" : ["Núcleo Livre",	
            "Teórica",	
            "4º Período",	
            "Obrigatória",	
            "Com Pré-Requisito",	
            "Fundamentos de Matemática para Computação",	
            "Algoritmos e Estruturas de Dados 2",	
            "Medidas de Complexidade",	
            "Análise Assintótica",	
            "Limites de Complexidade",	
            "Algoritmos iterativos",	
            "Algoritmos recursivos",	
            "Técnicas de prova",	
            "Cotas inferiores",	
            "Corretude de Algoritmos",	
            "Análise de Algoritmos",	
            "Projeto de Algoritmo",	
            "Dividir pra conquistar",	
            "Programação Dinâmica",	
            "Algoritmos gulosos",	
            "NP-Completude"],
        "areaSwebok" : ["area1", "area2", "area3"]
    },

    {
        "nome" : "Interação Humano-Computador",
        "url" : "https://caua539.github.io/integracao2017/disciplinas.html#!/Interacao_Humano_Computador",
        "palavrasChave" : ["Obrigatória",	
            "4º Período",	
            "Núcleo Comum",	
            "Com Pré-Requisito",	
            "Probabilidade e Estatística A",	
            "Algoritmos e Estruturas de Dados 1",	
            "Interação",	
            "Humano-Computador",	
            "Usabilidade",	
            "Experiência do Usuário",	
            "Humanos",	
            "Interativo",	
            "Métodos",	
            "Estilos de Interação",	
            "Dispositivos",	
            "Ferramentas",	
            "Desenvolvimento",	
            "Localização",	
            "Internacionalização",	
            "Tempo de Resposta",	
            "Ciclo",	
            "Avaliação",	
            "Testes",	
            "Heurística",	
            "Projeto Visual",	
            "Teórica",	
            "Interface",	
            "Retroalimentação"],
        "areaSwebok" : ["area1", "area2", "area3"]
    },

    {
        "nome" : "Banco de Dados",
        "url" : "https://caua539.github.io/integracao2017/disciplinas.html#!/Banco_de_Dados",
        "palavrasChave" : ["Obrigatória",	
            "4º Período",	
            "Núcleo Comum",	
            "Com Pré-Requisito",	
            "Lógica Matemática",	
            "Banco de Dados",	
            "Modelo",
            "Relacional",	
            "Linguagens",	
            "Álgebra",	
            "Cálculo",	
            "SQL",	
            "Entidade-Relacionamento",	
            "Mapeamento ER-relacional",	
            "Teórica",	
            "Normalização"],
        "areaSwebok" : ["area1", "area2", "area3"]
    },

    {
        "nome" : "Projeto de Software",
        "url" : "https://caua539.github.io/integracao2017/disciplinas.html#!/Projeto_De_Software",
        "palavrasChave" : ["Núcleo Comum",	
            "Teórica",	
            "4º Período",	
            "Obrigatória",	
            "Com Pré-Requisito",	
            "Engenharia de Software",	
            "Programação Orientada a Objetos",	
            "Design de software",	
            "Fundamentos",	
            "Concorrência",	
            "Controle e tratamento de eventos",	
            "Persistência de dados",	
            "Distribuição",	
            "Tratamento de erro",	
            "Exceção",	
            "Tolerância a falhas",	
            "Interação e apresentação",	
            "Segurança",	
            "Estrutura de software",	
            "Arquitertura de Software",	
            "Interface de usuário",	
            "Projeto",	
            "Qualidade de design",	
            "Avaliação de design",	
            "Notação de design",	
            "Design de Software",	
            "Métodos de Design",	
            "Estratégias de Design",	
            "Ferramentas de Design"],
        "areaSwebok" : ["area1", "area2", "area3"]
    },

    {
        "nome" : "Redes de Computadores",
        "url" : "https://caua539.github.io/integracao2017/disciplinas.html#!/Redes_de_Computadores",
        "palavrasChave" : ["Optativa",	
            "4° período",	
            "Teórica",	
            "Prática",	
            "Fundamentos",	
            "TCP/IP",	
            "UDP",	
            "Comutadores",	
            "Interfaces de rede",	
            "Camada de aplicação",	
            "Camada de transporte",	
            "Camada de rede",	
            "Camada de enlace",	
            "Camada física",	
            "Sockets",	
            "Programação",	
            "Arquitetura Cliente/Servidor",	
            "Wi-fi",	
            "Tendências em redes",	
            "Gerenciamento de redes",	
            "Sistemas distribuídos"],
        "areaSwebok" : ["Computation Fundamentals",	
            "Fundamentos de computação",	
            "Abstração",	
            "Abstraction",	
            "Algorithms and Complexity",	
            "Algoritmos e complexidade", 	
            "Network Communication Basics",	
            "Fundamentos de redes",	
            "Types of networks",	
            "Tipos de redes",	
            "Basic Network Components", 	
            "Componnetes básicos de redes", 	
            "Network Protocols and Standards",	
            "Protocolos e padrões de rede",	
            "The internet",	
            "A internet",	
            "Internet of things",	
            "Internet das coisas",	
            "Virtual Private Network (VPN)",	
            "Rede privada virtual",	
            "Computação Paralela e distribuída"]
    },

    {
        "nome" : "Introdução a Lingua Brasileira de Sinais",
        "url" : "https://caua539.github.io/integracao2017/disciplinas.html#!/Introducao_a_Lingua_Brasileira_de_Sinais",
        "palavrasChave" : ["Núcleo Específico",	
            "Teórica",	
            "4º Período",	
            "Letras",	
            "Optativa",	
            "Sem Pré-Requisito",	
            "LIBRAS",	
            "Surdo",	
            "Surdez",	
            "Língua de Sinais",	
            "Intérprete"],
        "areaSwebok" : ["Sem áreas correlatas"]
    },

    {
        "nome" : "Compiladores",
        "url" : "https://caua539.github.io/integracao2017/disciplinas.html#!/Compiladores",
        "palavrasChave" : ["Núcleo Específico",	
            "Teórica",	
            "4º Período",	
            "Com Pré-Requisito",	
            "Linguagens Formais e Autômatos",	
            "Algoritmos e Estruturas de Dados 2",	
            "Compiladores",	
            "Análises",	
            "Léxica",
            "Sintática",
            "Semântica",	
            "Símbolos",	
            "Programa-fonte",	
            "Código-objeto"],
        "areaSwebok" : ["Sem áreas correlatas"]
    },

    {
        "nome" : "Modelagem de Software",
        "url" : "https://caua539.github.io/integracao2017/disciplinas.html#!/Modelagem_de_Software",
        "palavrasChave" : ["Núcleo Comum",
            "Teórica",	
            "Prática",	
            "5º Período",	
            "Obrigatória",	
            "Sem Pré-Requisito",	
            "Conceitos",	
            "Software",	
            "Qualidade de Software",	
            "Requisitos de Software",	
            "Projeto de Software",	
            "Design de Software",	
            "Processo de projeto de software",	
            "Notações",	
            "Registro de modelos orientados a objetos",	
            "Modelagem de software orientado a objetos"],
        "areaSwebok" : ["area1", "area2", "area3"]
    },

    {
        "nome" : "Processo de Software",
        "url" : "https://caua539.github.io/integracao2017/disciplinas.html#!/Processos_de_Software",
        "palavrasChave" : ["Núcleo Comum",	
            "Teórica",	
            "Prática",	
            "5º Período",	
            "Processo",	
            "Método",	
            "Modelo",	
            "Processos de implementação",	
            "Processos de Suporte",	
            "Processos de Reutilização",	
            "Qualidade de Processo",	
            "Modelo de qualidade",	
            "Avaliação da Qualidade",	
            "Abordagens de implementação",	
            "Obrigatória",
            "Sem Pré-Requisito"],
        "areaSwebok" : ["area1", "area2", "area3"]
    },

    {
        "nome" : "Engenharia de Sistemas",
        "url" : "https://caua539.github.io/integracao2017/disciplinas.html#!/Engenharia_de_Sistemas",
        "palavrasChave" : ["Núcleo Comum",	
            "Teórica",	
            "5º Período",	
            "Obrigatória",	
            "Sem Pré-Requisito",	
            "Análise Estática",	
            "Design",	
            "Modelagem",	
            "Prototipação",	
            "Simulação",	
            "Engenharia",	
            "Sistemas",	
            "Ciclo de Vida",	
            "Processo",	
            "Qualidade de Processo"],
        "areaSwebok" : ["area1", "area2", "area3"]
    },

    {
        "nome" : "Construção de Software",
        "url" : "https://caua539.github.io/integracao2017/disciplinas.html#!/Construcao_de_Software",
        "palavrasChave" : ["5° período",	
            "Obrigatória",	
            "Núcleo específico",	
            "Projeto de Software",	
            "Linguagens de programação",	
            "Processos de construção",	
            "Controle de versão",	
            "Gerência de configuração",	
            "Revisão de código",	
            "Programação Orientada a Objetos",	
            "Código",	
            "Polimorfismo",	
            "Recursão",	
            "Métricas",	
            "Desempenho",	
            "Requisitos de software",	
            "Generics (parametrização)",	
            "Geração de Log",	
            "Análise sintática",	
            "Reutilização de código",	
            "Programação defensiva",	
            "Boas práticas de programação",	
            "Testes de unidade",	
            "Refatoração",	
            "Definição de estratégias",	
            "Trabalho em equipe",	
            "Integração Contínua",	
            "Debbuging"],
        "areaSwebok" : ["Software Construction",	
            "Software Construction Fundamentals",	
            "Construção de software",	
            "Fundamentos de construção de software",	
            "Gerenciamento da construção",	
            "Managing construction",	
            "Practical Considerations",	
            "Considerações Práticas",	
            "Construction Technologies",	
            "Tecnologias de construção",	
            "Software Construction Tools",	
            "Ferramentas de construção de software",	
            "Software Testing",	
            "Teste de software",	
            "Software Testing Fundamentals",	
            "Fundamentos de teste de software",	
            "Software Testing Tools",	
            "Ferramentas de teste de software",	
            "Software Configuration Management",	
            "Gerenciamento de configuração de software",	
            "Software Quality",	
            "Qualidade de software",	
            "Computing Foundations",	
            "Fundamentos de computação",	
            "Abstraction",	
            "Abstração",	
            "Programming Language Basics",	
            "Básico de linguagens de programação"]
    },

    {
        "nome" : "Design De Software",
        "url" : "https://caua539.github.io/integracao2017/disciplinas.html#!/Design_de_Software",
        "palavrasChave" : ["6º Período",	
            "Design",	
            "Software",	
            "Conceitos",	
            "Qualidade de Software",	
            "Requisitos de Software",	
            "Projeto Detalhado",	
            "Contexto",	
            "Notações",	
            "Processos",	
            "Artefatos",	
            "Princípios e Fundamentos",	
            "Abstração",	
            "Acoplamento",	
            "Coesão",	
            "Decomposição",	
            "Encapsulamento",	
            "Separar interface e implementação",	
            "Suficiência",	
            "Completitude",	
            "Simplicidade",	
            "Separation of concerns",	
            "Aspectos de Projeto de Software",	
            "Concorrência",	
            "Controle",	
            "Tratamento de eventos",	
            "Tratamento de exceção",	
            "Persistência",	
            "Distribuição",	
            "Interação",	
            "Técnicas de avaliação",	
            "Medidas de qualidade",	
            "Ferramentas de qualidade",	
            "Métodos e estratégias",	
            "Método para projeto orientado a objetos",	
            "Padrões de Projeto orientado a objetos",	
            "OO",
            "Prática de projeto orientado a objetos"],
        "areaSwebok" : ["area1", "area2", "area3"]
    },

    {
        "nome" : "Domínios de Software",
        "url" : "https://caua539.github.io/integracao2017/disciplinas.html#!/Dominio_de_Software",
        "palavrasChave" : ["Núcleo Comum",	
            "Teórica",	
            "Prática",	
            "Obrigatória",	
            "Sem Pré-Requisito",	
            "6º Período",	
            "Sistemas Componentes",	
            "Domínios de Desenvolvimento",	
            "Requisitos",	
            "Projeto",	
            "Construção"],
        "areaSwebok" : ["area1", "area2", "area3"]
    },

    {
        "nome" : "Processos de Qualidade de Software",
        "url" : "https://caua539.github.io/integracao2017/disciplinas.html#!/Processos_de_Qualidade_de_Software",
        "palavrasChave" : ["Núcleo Comum",	
            "Obrigatória",	
            "6º Período",	
            "Teórica",
            "Prática",	
            "Sem Pré-Requisito",	
            "Custos",	
            "Qualidade de Software",	
            "Impactos",	
            "Garantia",	
            "Produto",	
            "Processo",	
            "Verifivação e Validação",	
            "V&V",	
            "Requisito",	
            "Projeto",	
            "Design",	
            "Código",	
            "Integração",	
            "Documentação",	
            "Revisão e Auditoria",	
            "Revisão Gerencial",	
            "Revisão Técnica"],
        "areaSwebok" : ["area1", "area2", "area3"]
    },

    {
        "nome" : "Gerência de Projeto de Software",
        "url" : "https://caua539.github.io/integracao2017/disciplinas.html#!/Gerencia_de_Projeto_de_Software",
        "palavrasChave" : ["PMBOK",	
            "6° período",	
            "Obrigatória",	
            "Núcleo específico",	
            "Ciclo de Vida",	
            "Produto",	
            "Projeto",	
            "Serviços web",	
            "mpsBr / CMMI",	
            "Aquisição",	
            "Desenvolvimento", 	
            "Refatoração",	
            "Descontinuação",	
            "Escopo",	
            "Cronograma",	
            "Tempo",	
            "Custos",	
            "Qualidade",	
            "Recursos humanos",	
            "Métodos ágeis",	
            "Partes interessadas",	
            "Integração",	
            "Gestão",	
            "Aquisições",	
            "Riscos",	
            "Comunicações"],
        "areaSwebok" : ["Software Engineering Management",	
            "Gerenciamento da engenharia de software",	
            "Initiation and Scope Definition",	
            "Iniciação e definição do escopo",	
            "Software Project Planning",	
            "Planejamento do projeto de software",	
            "Determine Deliverables",	
            "Determinação de entregáveis",	
            "Effort, Schedule and cost estimation",	
            "Estimativa de esforço, cronograma e custos",	
            "Resource Allocation",	
            "Alocação de recursos",	
            "Risk Management",	
            "Gerenciamento de riscos",	
            "Quality Management", 	
            "Plan Management",	
            "Gerenciamento do planejamento",	
            "Software Project Enactment",	
            "Controle do projeto de software",	
            "Review and evaluation",	
            "Revisão e avaliação",	
            "Closure",	
            "Encerramento do projeto",	
            "Software Engineering Process",	
            "Processo de engenharia de software",	
            "Software Process Assessment and Improvement"]
    },

    {
        "nome" : "Software Concorrente e Distribuído",
        "url" : "https://caua539.github.io/integracao2017/disciplinas.html#!/Software_Concorrente_e_Distribuido",
        "palavrasChave" : ["Núcleo Comum",	
            "Teórica",	
            "Prática",	
            "7º Período",	
            "Obrigatória",	
            "Sem Pré-Requisito",	
            "Qualidade de Produto",	
            "Escalabilidade",	
            "Tolerância a falhas",
            "Disponibilidade",	
            "Desempenho",	
            "Middleware",	
            "Distribuição",	
            "Paralelismo",	
            "Concorrência",	
            "RESTful",	
            "Web",	
            "Internet das Coisas",	
            "Contêineres",	
            "Troca de Mensagens",	
            "Micro-Serviços",	
            "Serviços web",	
            "Construção de software",	
            "Software distribuído",	
            "Software Concorrente",	
            "Aplicações IO-intensive",	
            "Aplicações CPU-intensive",	
            "Thread Safe",	
            "Memória Compartilhada",	
            "Software Transactional Memory",	
            "Atores",	
            "Abordagens para esplorar concorrência",	
            "Projeto",	
            "Implementação e uso de interface de programação",	
            "Microservices",	
            "Messaging"],
        "areaSwebok" : ["area1", "area2", "area3"]
    },

    {
        "nome" : "Experiência do Usuário de Software",
        "url" : "https://caua539.github.io/integracao2017/disciplinas.html#!/Experiencia_do_Usuario_de_Software",
        "palavrasChave" : ["Núcleo Comum",	
            "Teórica",	
            "Prática",	
            "7º Período",	
            "Obrigatória",	
            "Sem Pré-Requisito",	
            "Qualidade em Uso",	
            "Usabilidade",	
            "Acessibilidade",	
            "Design",	
            "Modelagem",	
            "Usuário",	
            "Modelos de Validação de Experiência",
            "Interface Gráfica",	
            "Camada de Apresentação",	
            "Projeto de Interação",	
            "Design Centrado no Usuário"],
        "areaSwebok" : ["area1", "area2", "area3"]
    },

    {
        "nome" : "Arquitetura de Software",
        "url" : "https://caua539.github.io/integracao2017/disciplinas.html#!/Arquitetura_de_Software",
        "palavrasChave" : ["Núcleo Comum",	
            "Teórica",	
            "Prática",	
            "7º Período",	
            "Obrigatória",	
            "Sem Pré-Requisito",	
            "Qualidade de Software",	
            "Requisitos de Software",	
            "Projeto Detalhado",	
            "Requisitos de Qualidade",	
            "Requisitos Funcionais",	
            "Método de Desenvolvimento",	
            "Documentação"],
        "areaSwebok" : ["area1", "area2", "area3"]
    },

    {
        "nome" : "Requisitos de Software",
        "url" : "https://caua539.github.io/integracao2017/disciplinas.html#!/Requisitos_de_Software",
        "palavrasChave" : ["Núcleo Comum",	
            "Teórica",	
            "Prática",	
            "7º Período",	
            "Obrigatória",	
            "Sem Pré-Requisito",	
            "Processo",	
            "Elicitação de requisitos",	
            "Análise de requisitos",	
            "Especificação de Requisitos",	
            "Verificação e Validação",	
            "V&V",	
            "Engenharia de Requisitos",	
            "Analista de Requisitos",	
            "Modelos e métodos",	
            "Gerência de Projetos",	
            "GPS",	
            "Projeto arquitetural"],
        "areaSwebok" : ["area1", "area2", "area3"]
    },

    {
        "nome" : "Governança e Gestão de Serviços de Software",
        "url" : "https://caua539.github.io/integracao2017/disciplinas.html#!/Governanca_e_Gestao_dos_Servicos_de_Software",
        "palavrasChave" : ["Obrigatória",
            "7° Período",	
            "Governança",	
            "Conformidade",	
            "Compliance",	
            "Alinhamento",	
            "Estratégias",	
            "Negócios",	
            "Corporações",	
            "ITIL V3",	
            "COBIT",	
            "Abordagens de governança",	
            "Planejamento de software",	
            "Controle estratégico de software",	
            "Saas",	
            "Governança de dados",	
            "Segurança da informação",	
            "Ciclo de vida de um serviço",	
            "Manutenção de um serviço",	
            "BPM",	
            "Valor ao negócio"],
        "areaSwebok" : ["Software Enginerring Process",	
            "Processo de engenharia de software",	
            "Software Life Cycles",	
            "Ciclos de vida de software",	
            "Life cycles economics",	
            "Economia nos ciclos de vida",	
            "Product / Product Life Cycles",	
            "Produto / Ciclo de vida de produto",	
            "Portfolio",	
            "Investment Decisions",	
            "Decisões de investimento",	
            "Planning Horizon",	
            "Planejando o futuro",	
            "Price and Pricing",	
            "Preço e Precificação",	
            "Cost and Costing",	
            "Custo",	
            "Perforamance Measurament",	
            "Medição de performance"]
    },

    {
        "nome" : "Sistemas Distribuídos",
        "url" : "https://caua539.github.io/integracao2017/disciplinas.html#!/Sistemas_Distribuidos",
        "palavrasChave" : ["Núcleo Específico",	
            "Teórica",	
            "8º Período",	
            "Com Pré-Requisito",	
            "Programação Orientada a Objetos",	
            "Invocação Remota",	
            "Objetos Distribuídos",	
            "Arquiteturas",	
            "Serviços Web",	
            "Orientadas a Serviços",	
            "Computação Móvel",	
            "Computação Ubíqua"],
        "areaSwebok" : ["Fundamentos de Computação",	
            "Computing Foundations",	
            "Princípios de Redes de Computadores",	
            "Network Communication Basics",	
            "Computação paralela e distribuída",	
            "Parallel and Distributed Computing",	
            "Arquitetura de Computadores"]
    },

    {
        "nome" : "Software para Sistemas Ubíquos",
        "url" : "https://caua539.github.io/integracao2017/disciplinas.html#!/Software_Para_Sistemas_Obiquos",
        "palavrasChave" : ["Teórica",	
            "Prática",	
            "Núcleo Comum",	
            "8º Período",	
            "Obrigatória",	
            "Sem Pré-Requisito",	
            "Sistema de Informação",	
            "SI",	
            "Dispositivos Ubíquos",	
            "Smartphones",	
            "Internet das Coisas",	
            "IoT",	
            "Hardware",	
            "Stream analytics",	
            "Sensores",	
            "Segurança",	
            "Vulnerabilidade",	
            "Criptografica",	
            "Certificados Digitais",	
            "Arquitetura de Software",	
            "Soluções Móveis",	
            "Mobile",	
            "Fluxo de serviços",	
            "Serviços de Grande Volume"],
        "areaSwebok" : ["Processo de Engenharia de Software",	
            "Projetos de Software",	
            "Design de Software",	
            "Construção de Software",	
            "Teste de Software",	
            "Manutenção de Software",	
            "Fundamentos de Computação",	
            "Abstração",	
            "Estrutura de Dados e representação",	
            "Algoritmos e Complexidade"]
    },

    {
        "nome" : "Software para Persistência de Dados",
        "url" : "https://caua539.github.io/integracao2017/disciplinas.html#!/Software_Para_Persistencia_de_Dados",
        "palavrasChave" : ["Banco de dados",	
            "Serialização de objetos",	
            "XML", 	
            "JSON",	
            "NOsql",	
            "Firebase",	
            "Mapamento",	
            "Álgebra Relacional",	
            "Diagrama entidade-relacionamento",	
            "Integração de BD",	
            "Refatoração",	
            "Normalização",	
            "1° forma normal (1FN)",	
            "2° forma normal (2FN)",	
            "3° forma normal (3FN)",	
            "Oracle",	
            "SQL", 	
            "CRUD",	
            "8° Período",	
            "Obrigatória",	
            "Núcleo específico"],
        "areaSwebok" : [
            "Processo de Engenharia de Software",	
            "Design de Software",	
            "Construção de Software",	
            "Teste de Software",	
            "Manutenção de Software",	
            "Fundamentos da Computação",	
            "Abstração",	
            "Estruturas de Dados e Representação",	
            "Algoritmos e Complexidade",	
            "Banco de dados e gerenciamento de dados",	
            "Mineração de Dados",	
            "Entidade e esquema",	
            "Sistemas Gerenciados de Banco de Dados",	
            "SGBD",	
            "Database Query Language",	
            "Tarefas de SGBD"	
        ]
    },

    {
        "nome" : "Padrões de Arquitetura de Software",
        "url" : "https://caua539.github.io/integracao2017/disciplinas.html#!/Padroes_de_Arquitetura_de_Software",
        "palavrasChave" : ["8° período",	
            "Obrigatória",	
            "Núcleo específico",	
            "Arquitetura de Software",	
            "Microservices",	
            "Blackboard",	
            "MVC",	
            "Serviços",	
            "Plugins",	
            "Filtros",	
            "Criação de arquiteturas",	
            "Design de software",	
            "Avaliação de arquiteturas",	
            "Documentação",	
            "Conformidade com padrões",	
            "Multitier",	
            "Invocação implícita",	
            "ISO/IEC/IEEE 42010"],
        "areaSwebok" : ["Software Design",	
            "Projeto de Software",	
            "Arquitetura de Software",	
            "Pontos de vista e estruturas arquiteturais",	
            "Estilos de Arquitetura",	
            "Design Patterns",	
            "Padrões de Design",	
            "Decisões de Design Arquitetural",	
            "Famílias de programas e frameworks"]
    },

    {
        "nome" : "Metodologia e Experimentação em Engenharia de Software",
        "url" : "https://caua539.github.io/integracao2017/disciplinas.html#!/Metodologia_e_Experimentacao_em_Engenharia_de_Software",
        "palavrasChave" : ["8° período",	
            "Obrigatória",	
            "Núcleo Específico",	
            "Engenharia de software",	
            "Experimentos",	
            "Estudos primários",	
            "Estudos secundários",	
            "Revisão",	
            "Mapeamento sistemático",	
            "Prática",	
            "Teórica",	
            "Processo científico",	
            "Validação",	
            "Método científico",	
            "Tipos de método",	
            "Adaptabilidade de métodos",	
            "Questionários",	
            "Seminários",	
            "Enquetes",	
            "Análise", 	
            "SBC"],
        "areaSwebok" : ["Fundamentos de Engenharia",	
            "Métodos Empíricos",	
            "Técnicas Experimentais",	
            "Análise Estatística",	
            "Unidades de Análise, População e Amostra",	
            "Conceitos de correção e regressão",	
            "Medição",	
            "Medições diretas e derivadas",	
            "Confiabilidade e Validade",	
            "Projeto de Engenharia"]
    },

    {
        "nome" : "Mercado e Economia de Software",
        "url" : "https://caua539.github.io/integracao2017/disciplinas.html#!/Mercado_e_Economia_de_Software",
        "palavrasChave" : ["Núcleo Comum",	
            "Teórica",	
            "8º Período",	
            "Sem Pré-Requisito",	
            "Modelos de negócio",	
            "Open source", 	
            "On premisses",	
            "Software Livre",	
            "Código aberto",	
            "Softex",	
            "MpsBr / CMMI",	
            "Mercados de software",	
            "Planos de negócio",	
            "SEBRAE",	
            "Engenharia econômica",	
            "Empreendedorismo",	
            "Inovação"],
        "areaSwebok" : ["Fundamentos de Engenharia Econômica de Software",	
            "Ciclo de Vida Econômico",	
            "Riscos e incertezas",	
            "Considerações Práticas",	
            "Finanças",	
            "Contabilidade",	
            "Controle",	
            "Fluxo de Caixa",	
            "Processo de Tomada de Decisão",	
            "Valuation",	
            "Inflação",	
            "Taxação",	
            "Eficiência",	
            "Produtividade",	
            "Precificação",	
            "Ciclo de Vida do Produto",	
            "Objetivos, estimativas e planos"]
    },

    {
        "nome": "Teste de Software",
        "url": "https://caua539.github.io/integracao2017/disciplinas.html#!/Testes_de_Software",
        "palavrasChave":[
            "Núcleo Comum",	
            "Teórica",	
            "Prática",	
            "8º Período",	
            "Sem Pré-Requisito",	
            "Construção de Teste",	
            "Documentação",	
            "Processo",	
            "Técnicas de teste",	
            "Intuição e Experiência",	
            "Ferramentas"	
        ],
        "areaSwebok":[
            "Teste de Software",	
            "Construção de Software",	
            "Fundamentos de Computação",	
            "Abstração",	
            "Fundamentos de Teste de Software",	
            "Níveis de Teste",	
            "Técnicas de Teste",	
            "Métricas relacionadas a teste",	
            "Processo de Teste"	
        ]

    },

    {
        "nome" : "Prática em Engenharia de Software",
        "url" : "https://caua539.github.io/integracao2017/disciplinas.html#!/Pratica_em_Engenharia_de_Software",
        "palavrasChave" : ["Núcleo Comum",	
            "Prática",	
            "9º Período",	
            "Sem Pré-Requisito",	
            "Fábrica de Software",	
            "Experiência de Mercado",	
            "Projetos Reais",	
            "Extensão",	
            "Sociedade",	
            "FS/INF",	
            "Aplicação da Teoria",	
            "Código de Ética",	
            "Postura Profissional",	
            "Processos técnicos",	
            "Gestão de Engenharia de Software",	
            "Tecnologias"],
        "areaSwebok" : []
    }
]
